1	::	1
2	::	2
3	::	3
4	::	4
5	::	5
6	::	6
7	::	7
8	::	8
9	::	9
10	::	10
11	::	11
12	::	12
13	::	13
14	::	14
15	::	15
16	::	16
17	::	17	18
18	::	19
19	::	20
20	::	21
21	::	22
22	::	23
23	::	24
24	::	25
25	::	26
26	::	27
27	::	28
28	::	29
29	::	30
30	::	31
31	::	32
32	::	33
33	::	34
34	::	35
35	::	36
36	::	37
37	::	38
38	::	39
39	::	40
40	::	41
41	::	42
42	::	43
43	::	44
44	::	45
45	::	46
46	::	47
47	::	48
49	::	49
50	::	50
48	::	51
51	::	52
52	::	53
53	::	54
54	::	55
55	::	56
56	::	57
57	::	58	59
58	::	60
59	::	61
60	::	62
61	::	63
62	::	64
63	::	65	66
64	::	67
65	::	68
66	::	69
67	::	70
68	::	71
69	::	72
70	::	73
71	::	74
72	::	75
73	::	76
74	::	77
75	::	78
76	::	79
77	::	80
78	::	81
79	::	82
80	::	83
81	::	84
82	::	85
83	::	86
84	::	87	88
85	::	89	90
86	::	91	92	93	94	95
87	::	96
88	::	97
89	::	98	99	100
90	::	101
91	::	102
92	::	103
93	::	104
94	::	105
95	::	106
96	::	107
97	::	108
98	::	109
99	::	110
100	::	111
101	::	112	113
102	::	114	115
103	::	116
104	::	117
105	::	118
106	::	119
107	::	120
108	::	121
109	::	122
110	::	123
111	::	124
112	::	125	126
113	::	127
114	::	128
115	::	129
116	::	130
117	::	131
118	::	132
119	::	133
120	::	134
121	::	135	136	137
122	::	138
123	::	139
124	::	140
125	::	141
126	::	142
127	::	143
128	::	144
129	::	145
130	::	146
131	::	147
132	::	148
133	::	149
134	::	150
138	::	151
140	::	152
135	::	153
136	::	154
137	::	155
139	::	156	157
141	::	158
142	::	159
143	::	160
144	::	161
145	::	162
146	::	163
147	::	164
148	::	165
149	::	166
150	::	167	168
151	::	169
152	::	170
153	::	171
154	::	172
155	::	173
156	::	174
157	::	175
158	::	176
159	::	177
160	::	178
161	::	179
162	::	180
163	::	181
164	::	182
165	::	183	184
166	::	185
167	::	186
168	::	187
169	::	188
170	::	189
171	::	190
172	::	191
173	::	192
174	::	193
175	::	194
176	::	195
177	::	196
178	::	197	198
179	::	199
180	::	200
181	::	201
182	::	202
183	::	203
184	::	204
185	::	205
186	::	206
187	::	207
188	::	208
189	::	209
190	::	210
191	::	211
192	::	212
193	::	213
194	::	214
195	::	215
196	::	216
197	::	217
198	::	218
199	::	219
200	::	220
201	::	221	222
202	::	223
203	::	224
204	::	225
205	::	226
206	::	227
207	::	228
208	::	229
209	::	230
210	::	231
211	::	232
212	::	233
213	::	234
214	::	235
215	::	236
216	::	237
217	::	238
218	::	239
219	::	240
220	::	241
221	::	242
222	::	243	244	245 246
223	::	247
224	::	248
225	::	249
226	::	250
227	::	251
228	::	252
229	::	253
230	::	254
231	::	255
232	::	256
233	::	257
234	::	258
235	::	259
236	::	260
237	::	261
238	::	262
239	::	263
240	::	264
241	::	265
242	::	266
243	::	267
244	::	268
245	::	269
246	::	270
247	::	271
248	::	272
249	::	273
250	::	274
251	::	275
252	::	276
253	::	277
254	::	278
255	::	279
256	::	280
257	::	281
258	::	282
259	::	283
260	::	284
261	::	285
262	::	286
263	::	287
264	::	288
265	::	289
266	::	290
267	::	291
268	::	292
269	::	293
270	::	294
271	::	295
272	::	296
273	::	297
274	::	298
275	::	299
276	::	300	301
277	::	302
278	::	303
279	::	304
280	::	305
281	::	306
282	::	307	308
283	::	309
284	::	310
285	::	311
286	::	312
287	::	313
288	::	314
289	::	315
290	::	316
291	::	317
292	::	318
293	::	319
294	::	320
295	::	321
296	::	322
297	::	323	324	325
298	::	326
299	::	327
300	::	328
